Name,Email
Rodrigo,diazrma@gmail.com
Fernando,fernando@gmai.com
Maria,maria@gmail.com
Bruno,bruno@gmail.com
Adryel,Adryel@gmail.com
Mario,mario@gmail.com
João,joao@gmail.com
Pedro,ppedro@gmail.com
Juli,juli
Fernando,3fernando@gmai.com
